Los Alamos National Laboratory Poisson Superfish
Program Automesh written by James H. Billen and Lloyd M. Young

The original Poisson Superfish codes were developed
by Ron F. Holsinger in collaboration with Klaus Halbach.
These programs are provided as a service to the accelerator
community by the Los Alamos Accelerator Code Group (LAACG).

(c) Copyright 1985-2005, by the Regents of the University of California.        
This software was produced under U. S. Government contract W-7405-ENG-36        
by Los Alamos National Laboratory, which is operated by the University          
of California for the U. S. Department of Energy.  Neither the Government       
nor the University makes any warranty, express or implied, or assumes           
any liability or responsibility for its use, or represents that use of          
this software would not infringe privately owned rights.                        
Unpublished - rights reserved under Copyright Laws of the United States.        


Program Automesh  7.17  released 1-13-2006 
Program file: C:\LANL\AUTOFISH.EXE
Problem file: C:\USERS\VITOR25023\DOCUMENTS\FAZENDO ISSO DIREITO AGORA COM A FERRITE\FRQSCANS\NOVA PASTA\6.AM  2-27-2026  16:04:38
SF.INI file: C:\LANL\SF.INI  1-05-2026  14:43:34

Problem description:
586.1850545064739 PM

Coordinates and lengths have dimensions of centimeters.

Region data:
IREG      =  1
MAT       =  1
CUR       =  0.0
DEN       =  0.0
ITRI      =  0            [equal weight triangles]
IBOUND    =  1            [Neumann boundary]
IPDIAG    =  0            [no extra Automesh diagnostics]
DX        =  0.1
XMIN      =  0.0
XMAX      =  23.8
DY        =  0.1
YMIN      =  0.0
YMAX      =  52.02
DX1       =  0.1
KMAX      =  239
DY1       =  0.1000385
LMAX      =  521
ITOT      =  126043
Memory used for the solution file:       4.538 M
Memory used for Automesh setup data:   995.334 K

Region 1 boundary points from the PO namelist:
  Point  NT    X0          Y0          X           Y           R          THETA        A           B
     1   1                            0.000       0.000
     2   1                            23.80       0.000
     3   1                            23.80       3.500
     4   1                            13.80       3.500
     5   1                            11.30       3.500
     6   5    11.30       4.500     -0.5736      0.8192                               1.000       1.000
     7   1                            13.46       7.232
     8   2    13.00       7.888      0.8000       0.000      0.8000                  0.8000      0.8000
     9   1                            13.80       34.00
    10   2    13.90       34.00       0.000      0.1000      0.1000                  0.1000      0.1000
    11   1                            17.80       34.10
    12   1                            17.80       35.10
    13   1                            13.90       35.10
    14   2    13.90       35.20     -0.1000       0.000      0.1000                  0.1000      0.1000
    15   1                            13.80       41.02
    16   2    2.800       41.02       0.000       11.00       11.00                   11.00       11.00
    17   1                            0.000       52.02
    18   1                            0.000       0.000
 

Region data:
IREG      =  2
MAT       =  2
CUR       =  0.0
DEN       =  0.0
ITRI      =  0            [equal weight triangles]
IBOUND    =  1            [Neumann boundary]
IPDIAG    =  0            [no extra Automesh diagnostics]

Region 2 boundary points from the PO namelist:
  Point  NT    X0          Y0          X           Y           R          THETA        A           B
     1   1                            15.80       34.10
     2   1                            17.80       34.10
     3   1                            17.80       33.10
     4   1                            15.80       33.10
     5   1                            15.80       34.10
 
Number of user-supplied fixed points      =    23
Fixed points added at line regions        =     0
Fixed points added on overlapping regions =     1
Total number of fixed points              =    24

Logical path finding for region 1
(includes extra boundary points at intersections of line
regions plus points from other user-supplied segments)
  Point NT    X           Y           R           A           B         Fwd   Bkw
     2   1    23.80       0.000                                          239   239
     3   1    23.80       3.500                                          36    36
     4   1    13.80       3.500                                          101   101
     5   1    11.30       3.500                                          26    26
     6   2    10.73       5.319                   1.000       1.000      27    27
     7   1    13.46       7.232                                          37    37
     8   2    13.80       7.888                  0.8000      0.8000      9     9
     9   1    13.80       34.00                                          262   262
    10   2    13.90       34.10                  0.1000      0.1000      2     2
    11   1    15.80       34.10                                          20    20
    12   1    17.80       34.10                                          21    21
    13   1    17.80       35.10                                          11    11
    14   1    13.90       35.10                                          40    40
    15   2    13.80       35.20                  0.1000      0.1000      2     2
    16   1    13.80       41.02                                          59    59
    17   2    2.800       52.02                   11.00       11.00      178   178
    18   1    0.000       52.02                                          29    29
    19   1    0.000       0.000                                          521   521
 

Region 1 mesh points
      K     L        X                 Y
      1     1    0.00000000        0.00000000    
      2     1   0.100000000        0.00000000    
      3     1   0.200000000        0.00000000    
      4     1   0.300000000        0.00000000    
      5     1   0.400000000        0.00000000    
      6     1   0.500000000        0.00000000    
      7     1   0.600000000        0.00000000    
      8     1   0.700000000        0.00000000    
      9     1   0.800000000        0.00000000    
     10     1   0.900000000        0.00000000    
     11     1    1.00000000        0.00000000    
     12     1    1.10000000        0.00000000    
     13     1    1.20000000        0.00000000    
     14     1    1.30000000        0.00000000    
     15     1    1.40000000        0.00000000    
     16     1    1.50000000        0.00000000    
     17     1    1.60000000        0.00000000    
     18     1    1.70000000        0.00000000    
     19     1    1.80000000        0.00000000    
     20     1    1.90000000        0.00000000    
     21     1    2.00000000        0.00000000    
     22     1    2.10000000        0.00000000    
     23     1    2.20000000        0.00000000    
     24     1    2.30000000        0.00000000    
     25     1    2.40000000        0.00000000    
     26     1    2.50000000        0.00000000    
     27     1    2.60000000        0.00000000    
     28     1    2.70000000        0.00000000    
     29     1    2.80000000        0.00000000    
     30     1    2.90000000        0.00000000    
     31     1    3.00000000        0.00000000    
     32     1    3.10000000        0.00000000    
     33     1    3.20000000        0.00000000    
     34     1    3.30000000        0.00000000    
     35     1    3.40000000        0.00000000    
     36     1    3.50000000        0.00000000    
     37     1    3.60000000        0.00000000    
     38     1    3.70000000        0.00000000    
     39     1    3.80000000        0.00000000    
     40     1    3.90000000        0.00000000    
     41     1    4.00000000        0.00000000    
     42     1    4.10000000        0.00000000    
     43     1    4.20000000        0.00000000    
     44     1    4.30000000        0.00000000    
     45     1    4.40000000        0.00000000    
     46     1    4.50000000        0.00000000    
     47     1    4.60000000        0.00000000    
     48     1    4.70000000        0.00000000    
     49     1    4.80000000        0.00000000    
     50     1    4.90000000        0.00000000    
     51     1    5.00000000        0.00000000    
     52     1    5.10000000        0.00000000    
     53     1    5.20000000        0.00000000    
     54     1    5.30000000        0.00000000    
     55     1    5.40000000        0.00000000    
     56     1    5.50000000        0.00000000    
     57     1    5.60000000        0.00000000    
     58     1    5.70000000        0.00000000    
     59     1    5.80000000        0.00000000    
     60     1    5.90000000        0.00000000    
     61     1    6.00000000        0.00000000    
     62     1    6.10000000        0.00000000    
     63     1    6.20000000        0.00000000    
     64     1    6.30000000        0.00000000    
     65     1    6.40000000        0.00000000    
     66     1    6.50000000        0.00000000    
     67     1    6.60000000        0.00000000    
     68     1    6.70000000        0.00000000    
     69     1    6.80000000        0.00000000    
     70     1    6.90000000        0.00000000    
     71     1    7.00000000        0.00000000    
     72     1    7.10000000        0.00000000    
     73     1    7.20000000        0.00000000    
     74     1    7.30000000        0.00000000    
     75     1    7.40000000        0.00000000    
     76     1    7.50000000        0.00000000    
     77     1    7.60000000        0.00000000    
     78     1    7.70000000        0.00000000    
     79     1    7.80000000        0.00000000    
     80     1    7.90000000        0.00000000    
     81     1    8.00000000        0.00000000    
     82     1    8.10000000        0.00000000    
     83     1    8.20000000        0.00000000    
     84     1    8.30000000        0.00000000    
     85     1    8.40000000        0.00000000    
     86     1    8.50000000        0.00000000    
     87     1    8.60000000        0.00000000    
     88     1    8.70000000        0.00000000    
     89     1    8.80000000        0.00000000    
     90     1    8.90000000        0.00000000    
     91     1    9.00000000        0.00000000    
     92     1    9.10000000        0.00000000    
     93     1    9.20000000        0.00000000    
     94     1    9.30000000        0.00000000    
     95     1    9.40000000        0.00000000    
     96     1    9.50000000        0.00000000    
     97     1    9.60000000        0.00000000    
     98     1    9.70000000        0.00000000    
     99     1    9.80000000        0.00000000    
    100     1    9.90000000        0.00000000    
    101     1    10.0000000        0.00000000    
    102     1    10.1000000        0.00000000    
    103     1    10.2000000        0.00000000    
    104     1    10.3000000        0.00000000    
    105     1    10.4000000        0.00000000    
    106     1    10.5000000        0.00000000    
    107     1    10.6000000        0.00000000    
    108     1    10.7000000        0.00000000    
    109     1    10.8000000        0.00000000    
    110     1    10.9000000        0.00000000    
    111     1    11.0000000        0.00000000    
    112     1    11.1000000        0.00000000    
    113     1    11.2000000        0.00000000    
    114     1    11.3000000        0.00000000    
    115     1    11.4000000        0.00000000    
    116     1    11.5000000        0.00000000    
    117     1    11.6000000        0.00000000    
    118     1    11.7000000        0.00000000    
    119     1    11.8000000        0.00000000    
    120     1    11.9000000        0.00000000    
    121     1    12.0000000        0.00000000    
    122     1    12.1000000        0.00000000    
    123     1    12.2000000        0.00000000    
    124     1    12.3000000        0.00000000    
    125     1    12.4000000        0.00000000    
    126     1    12.5000000        0.00000000    
    127     1    12.6000000        0.00000000    
    128     1    12.7000000        0.00000000    
    129     1    12.8000000        0.00000000    
    130     1    12.9000000        0.00000000    
    131     1    13.0000000        0.00000000    
    132     1    13.1000000        0.00000000    
    133     1    13.2000000        0.00000000    
    134     1    13.3000000        0.00000000    
    135     1    13.4000000        0.00000000    
    136     1    13.5000000        0.00000000    
    137     1    13.6000000        0.00000000    
    138     1    13.7000000        0.00000000    
    139     1    13.8000000        0.00000000    
    140     1    13.9000000        0.00000000    
    141     1    14.0000000        0.00000000    
    142     1    14.1000000        0.00000000    
    143     1    14.2000000        0.00000000    
    144     1    14.3000000        0.00000000    
    145     1    14.4000000        0.00000000    
    146     1    14.5000000        0.00000000    
    147     1    14.6000000        0.00000000    
    148     1    14.7000000        0.00000000    
    149     1    14.8000000        0.00000000    
    150     1    14.9000000        0.00000000    
    151     1    15.0000000        0.00000000    
    152     1    15.1000000        0.00000000    
    153     1    15.2000000        0.00000000    
    154     1    15.3000000        0.00000000    
    155     1    15.4000000        0.00000000    
    156     1    15.5000000        0.00000000    
    157     1    15.6000000        0.00000000    
    158     1    15.7000000        0.00000000    
    159     1    15.8000000        0.00000000    
    160     1    15.9000000        0.00000000    
    161     1    16.0000000        0.00000000    
    162     1    16.1000000        0.00000000    
    163     1    16.2000000        0.00000000    
    164     1    16.3000000        0.00000000    
    165     1    16.4000000        0.00000000    
    166     1    16.5000000        0.00000000    
    167     1    16.6000000        0.00000000    
    168     1    16.7000000        0.00000000    
    169     1    16.8000000        0.00000000    
    170     1    16.9000000        0.00000000    
    171     1    17.0000000        0.00000000    
    172     1    17.1000000        0.00000000    
    173     1    17.2000000        0.00000000    
    174     1    17.3000000        0.00000000    
    175     1    17.4000000        0.00000000    
    176     1    17.5000000        0.00000000    
    177     1    17.6000000        0.00000000    
    178     1    17.7000000        0.00000000    
    179     1    17.8000000        0.00000000    
    180     1    17.9000000        0.00000000    
    181     1    18.0000000        0.00000000    
    182     1    18.1000000        0.00000000    
    183     1    18.2000000        0.00000000    
    184     1    18.3000000        0.00000000    
    185     1    18.4000000        0.00000000    
    186     1    18.5000000        0.00000000    
    187     1    18.6000000        0.00000000    
    188     1    18.7000000        0.00000000    
    189     1    18.8000000        0.00000000    
    190     1    18.9000000        0.00000000    
    191     1    19.0000000        0.00000000    
    192     1    19.1000000        0.00000000    
    193     1    19.2000000        0.00000000    
    194     1    19.3000000        0.00000000    
    195     1    19.4000000        0.00000000    
    196     1    19.5000000        0.00000000    
    197     1    19.6000000        0.00000000    
    198     1    19.7000000        0.00000000    
    199     1    19.8000000        0.00000000    
    200     1    19.9000000        0.00000000    
    201     1    20.0000000        0.00000000    
    202     1    20.1000000        0.00000000    
    203     1    20.2000000        0.00000000    
    204     1    20.3000000        0.00000000    
    205     1    20.4000000        0.00000000    
    206     1    20.5000000        0.00000000    
    207     1    20.6000000        0.00000000    
    208     1    20.7000000        0.00000000    
    209     1    20.8000000        0.00000000    
    210     1    20.9000000        0.00000000    
    211     1    21.0000000        0.00000000    
    212     1    21.1000000        0.00000000    
    213     1    21.2000000        0.00000000    
    214     1    21.3000000        0.00000000    
    215     1    21.4000000        0.00000000    
    216     1    21.5000000        0.00000000    
    217     1    21.6000000        0.00000000    
    218     1    21.7000000        0.00000000    
    219     1    21.8000000        0.00000000    
    220     1    21.9000000        0.00000000    
    221     1    22.0000000        0.00000000    
    222     1    22.1000000        0.00000000    
    223     1    22.2000000        0.00000000    
    224     1    22.3000000        0.00000000    
    225     1    22.4000000        0.00000000    
    226     1    22.5000000        0.00000000    
    227     1    22.6000000        0.00000000    
    228     1    22.7000000        0.00000000    
    229     1    22.8000000        0.00000000    
    230     1    22.9000000        0.00000000    
    231     1    23.0000000        0.00000000    
    232     1    23.1000000        0.00000000    
    233     1    23.2000000        0.00000000    
    234     1    23.3000000        0.00000000    
    235     1    23.4000000        0.00000000    
    236     1    23.5000000        0.00000000    
    237     1    23.6000000        0.00000000    
    238     1    23.7000000        0.00000000    
    239     1    23.8000000        0.00000000    
    239     2    23.8000000       0.100000000    
    239     3    23.8000000       0.200000000    
    239     4    23.8000000       0.300000000    
    239     5    23.8000000       0.400000000    
    239     6    23.8000000       0.500000000    
    239     7    23.8000000       0.600000000    
    239     8    23.8000000       0.700000000    
    239     9    23.8000000       0.800000000    
    239    10    23.8000000       0.900000000    
    239    11    23.8000000        1.00000000    
    239    12    23.8000000        1.10000000    
    239    13    23.8000000        1.20000000    
    239    14    23.8000000        1.30000000    
    239    15    23.8000000        1.40000000    
    239    16    23.8000000        1.50000000    
    239    17    23.8000000        1.60000000    
    239    18    23.8000000        1.70000000    
    239    19    23.8000000        1.80000000    
    239    20    23.8000000        1.90000000    
    239    21    23.8000000        2.00000000    
    239    22    23.8000000        2.10000000    
    239    23    23.8000000        2.20000000    
    239    24    23.8000000        2.30000000    
    239    25    23.8000000        2.40000000    
    239    26    23.8000000        2.50000000    
    239    27    23.8000000        2.60000000    
    239    28    23.8000000        2.70000000    
    239    29    23.8000000        2.80000000    
    239    30    23.8000000        2.90000000    
    239    31    23.8000000        3.00000000    
    239    32    23.8000000        3.10000000    
    239    33    23.8000000        3.20000000    
    239    34    23.8000000        3.30000000    
    239    35    23.8000000        3.40000000    
    239    36    23.8000000        3.50000000    
    238    36    23.7000000        3.50000000    
    237    36    23.6000000        3.50000000    
    236    36    23.5000000        3.50000000    
    235    36    23.4000000        3.50000000    
    234    36    23.3000000        3.50000000    
    233    36    23.2000000        3.50000000    
    232    36    23.1000000        3.50000000    
    231    36    23.0000000        3.50000000    
    230    36    22.9000000        3.50000000    
    229    36    22.8000000        3.50000000    
    228    36    22.7000000        3.50000000    
    227    36    22.6000000        3.50000000    
    226    36    22.5000000        3.50000000    
    225    36    22.4000000        3.50000000    
    224    36    22.3000000        3.50000000    
    223    36    22.2000000        3.50000000    
    222    36    22.1000000        3.50000000    
    221    36    22.0000000        3.50000000    
    220    36    21.9000000        3.50000000    
    219    36    21.8000000        3.50000000    
    218    36    21.7000000        3.50000000    
    217    36    21.6000000        3.50000000    
    216    36    21.5000000        3.50000000    
    215    36    21.4000000        3.50000000    
    214    36    21.3000000        3.50000000    
    213    36    21.2000000        3.50000000    
    212    36    21.1000000        3.50000000    
    211    36    21.0000000        3.50000000    
    210    36    20.9000000        3.50000000    
    209    36    20.8000000        3.50000000    
    208    36    20.7000000        3.50000000    
    207    36    20.6000000        3.50000000    
    206    36    20.5000000        3.50000000    
    205    36    20.4000000        3.50000000    
    204    36    20.3000000        3.50000000    
    203    36    20.2000000        3.50000000    
    202    36    20.1000000        3.50000000    
    201    36    20.0000000        3.50000000    
    200    36    19.9000000        3.50000000    
    199    36    19.8000000        3.50000000    
    198    36    19.7000000        3.50000000    
    197    36    19.6000000        3.50000000    
    196    36    19.5000000        3.50000000    
    195    36    19.4000000        3.50000000    
    194    36    19.3000000        3.50000000    
    193    36    19.2000000        3.50000000    
    192    36    19.1000000        3.50000000    
    191    36    19.0000000        3.50000000    
    190    36    18.9000000        3.50000000    
    189    36    18.8000000        3.50000000    
    188    36    18.7000000        3.50000000    
    187    36    18.6000000        3.50000000    
    186    36    18.5000000        3.50000000    
    185    36    18.4000000        3.50000000    
    184    36    18.3000000        3.50000000    
    183    36    18.2000000        3.50000000    
    182    36    18.1000000        3.50000000    
    181    36    18.0000000        3.50000000    
    180    36    17.9000000        3.50000000    
    179    36    17.8000000        3.50000000    
    178    36    17.7000000        3.50000000    
    177    36    17.6000000        3.50000000    
    176    36    17.5000000        3.50000000    
    175    36    17.4000000        3.50000000    
    174    36    17.3000000        3.50000000    
    173    36    17.2000000        3.50000000    
    172    36    17.1000000        3.50000000    
    171    36    17.0000000        3.50000000    
    170    36    16.9000000        3.50000000    
    169    36    16.8000000        3.50000000    
    168    36    16.7000000        3.50000000    
    167    36    16.6000000        3.50000000    
    166    36    16.5000000        3.50000000    
    165    36    16.4000000        3.50000000    
    164    36    16.3000000        3.50000000    
    163    36    16.2000000        3.50000000    
    162    36    16.1000000        3.50000000    
    161    36    16.0000000        3.50000000    
    160    36    15.9000000        3.50000000    
    159    36    15.8000000        3.50000000    
    158    36    15.7000000        3.50000000    
    157    36    15.6000000        3.50000000    
    156    36    15.5000000        3.50000000    
    155    36    15.4000000        3.50000000    
    154    36    15.3000000        3.50000000    
    153    36    15.2000000        3.50000000    
    152    36    15.1000000        3.50000000    
    151    36    15.0000000        3.50000000    
    150    36    14.9000000        3.50000000    
    149    36    14.8000000        3.50000000    
    148    36    14.7000000        3.50000000    
    147    36    14.6000000        3.50000000    
    146    36    14.5000000        3.50000000    
    145    36    14.4000000        3.50000000    
    144    36    14.3000000        3.50000000    
    143    36    14.2000000        3.50000000    
    142    36    14.1000000        3.50000000    
    141    36    14.0000000        3.50000000    
    140    36    13.9000000        3.50000000    
    139    36    13.8000000        3.50000000    
    138    36    13.7000000        3.50000000    
    137    36    13.6000000        3.50000000    
    136    36    13.5000000        3.50000000    
    135    36    13.4000000        3.50000000    
    134    36    13.3000000        3.50000000    
    133    36    13.2000000        3.50000000    
    132    36    13.1000000        3.50000000    
    131    36    13.0000000        3.50000000    
    130    36    12.9000000        3.50000000    
    129    36    12.8000000        3.50000000    
    128    36    12.7000000        3.50000000    
    127    36    12.6000000        3.50000000    
    126    36    12.5000000        3.50000000    
    125    36    12.4000000        3.50000000    
    124    36    12.3000000        3.50000000    
    123    36    12.2000000        3.50000000    
    122    36    12.1000000        3.50000000    
    121    36    12.0000000        3.50000000    
    120    36    11.9000000        3.50000000    
    119    36    11.8000000        3.50000000    
    118    36    11.7000000        3.50000000    
    117    36    11.6000000        3.50000000    
    116    36    11.5000000        3.50000000    
    115    36    11.4000000        3.50000000    
    114    36    11.3000000        3.50000000    
    113    36    11.2028399        3.50473123    
    112    36    11.1065985        3.51888030    
    111    36    11.0121859        3.54231371    
    110    37    10.9204949        3.57481034    
    109    37    10.8323931        3.61606347    
    108    37    10.7487141        3.66568361    
    108    38    10.6702500        3.72320211    
    107    39    10.5977440        3.78807549    
    106    39    10.5318830        3.85969050    
    106    40    10.4732913        3.93736988    
    105    41    10.4225244        4.02037869    
    105    42    10.3800641        4.10793124    
    104    43    10.3463132        4.19919852    
    104    44    10.3215922        4.29331608    
    104    45    10.3061359        4.38939225    
    104    46    10.3000909        4.48651661    
    104    47    10.3035148        4.58376876    
    104    48    10.3163750        4.68022705    
    104    49    10.3385493        4.77497742    
    105    50    10.3698273        4.86712215    
    105    51    10.4099118        4.95578841    
    106    52    10.4584226        5.04013656    
    106    53    10.5148993        5.11936816    
    107    53    10.5788063        5.19273349    
    108    54    10.6495378        5.25953864    
    109    54    10.7264236        5.31915204    
    109    55    10.8023246        5.37229853    
    110    55    10.8782257        5.42544501    
    111    56    10.9541267        5.47859149    
    112    56    11.0300277        5.53173798    
    112    57    11.1059288        5.58488446    
    113    57    11.1818298        5.63803094    
    114    58    11.2577309        5.69117743    
    115    58    11.3336319        5.74432391    
    115    59    11.4095330        5.79747039    
    116    59    11.4854340        5.85061688    
    117    60    11.5613350        5.90376336    
    118    60    11.6372361        5.95690984    
    118    61    11.7131371        6.01005633    
    119    61    11.7890382        6.06320281    
    120    62    11.8649392        6.11634929    
    121    62    11.9408403        6.16949578    
    121    63    12.0167413        6.22264226    
    122    64    12.0926424        6.27578874    
    123    64    12.1685434        6.32893522    
    123    65    12.2444444        6.38208171    
    124    65    12.3203455        6.43522819    
    125    66    12.3962465        6.48837467    
    126    66    12.4721476        6.54152116    
    126    67    12.5480486        6.59466764    
    127    67    12.6239497        6.64781412    
    128    68    12.6998507        6.70096061    
    129    68    12.7757518        6.75410709    
    129    69    12.8516528        6.80725357    
    130    69    12.9275538        6.86040006    
    131    70    13.0034549        6.91354654    
    132    70    13.0793559        6.96669302    
    132    71    13.1552570        7.01983951    
    133    71    13.2311580        7.07298599    
    134    72    13.3070591        7.12613247    
    135    72    13.3829601        7.17927896    
    135    73    13.4588611        7.23242544    
    136    74    13.5339963        7.29205596    
    137    74    13.6014573        7.36025385    
    137    75    13.6602730        7.43603965    
    138    76    13.7095963        7.51832435    
    138    77    13.7487164        7.60592494    
    139    78    13.7770695        7.69758141    
    138    79    13.7942466        7.79197497    
    139    80    13.8000000        7.88774707    
    139    81    13.8000000        7.98779402    
    139    82    13.8000000        8.08784097    
    139    83    13.8000000        8.18788791    
    139    84    13.8000000        8.28793486    
    139    85    13.8000000        8.38798181    
    139    86    13.8000000        8.48802875    
    139    87    13.8000000        8.58807570    
    139    88    13.8000000        8.68812264    
    139    89    13.8000000        8.78816959    
    139    90    13.8000000        8.88821654    
    139    91    13.8000000        8.98826348    
    139    92    13.8000000        9.08831043    
    139    93    13.8000000        9.18835737    
    139    94    13.8000000        9.28840432    
    139    95    13.8000000        9.38845127    
    139    96    13.8000000        9.48849821    
    139    97    13.8000000        9.58854516    
    139    98    13.8000000        9.68859210    
    139    99    13.8000000        9.78863905    
    139   100    13.8000000        9.88868600    
    139   101    13.8000000        9.98873294    
    139   102    13.8000000        10.0887799    
    139   103    13.8000000        10.1888268    
    139   104    13.8000000        10.2888738    
    139   105    13.8000000        10.3889207    
    139   106    13.8000000        10.4889677    
    139   107    13.8000000        10.5890146    
    139   108    13.8000000        10.6890616    
    139   109    13.8000000        10.7891085    
    139   110    13.8000000        10.8891555    
    139   111    13.8000000        10.9892024    
    139   112    13.8000000        11.0892493    
    139   113    13.8000000        11.1892963    
    139   114    13.8000000        11.2893432    
    139   115    13.8000000        11.3893902    
    139   116    13.8000000        11.4894371    
    139   117    13.8000000        11.5894841    
    139   118    13.8000000        11.6895310    
    139   119    13.8000000        11.7895780    
    139   120    13.8000000        11.8896249    
    139   121    13.8000000        11.9896719    
    139   122    13.8000000        12.0897188    
    139   123    13.8000000        12.1897658    
    139   124    13.8000000        12.2898127    
    139   125    13.8000000        12.3898596    
    139   126    13.8000000        12.4899066    
    139   127    13.8000000        12.5899535    
    139   128    13.8000000        12.6900005    
    139   129    13.8000000        12.7900474    
    139   130    13.8000000        12.8900944    
    139   131    13.8000000        12.9901413    
    139   132    13.8000000        13.0901883    
    139   133    13.8000000        13.1902352    
    139   134    13.8000000        13.2902822    
    139   135    13.8000000        13.3903291    
    139   136    13.8000000        13.4903761    
    139   137    13.8000000        13.5904230    
    139   138    13.8000000        13.6904699    
    139   139    13.8000000        13.7905169    
    139   140    13.8000000        13.8905638    
    139   141    13.8000000        13.9906108    
    139   142    13.8000000        14.0906577    
    139   143    13.8000000        14.1907047    
    139   144    13.8000000        14.2907516    
    139   145    13.8000000        14.3907986    
    139   146    13.8000000        14.4908455    
    139   147    13.8000000        14.5908925    
    139   148    13.8000000        14.6909394    
    139   149    13.8000000        14.7909864    
    139   150    13.8000000        14.8910333    
    139   151    13.8000000        14.9910802    
    139   152    13.8000000        15.0911272    
    139   153    13.8000000        15.1911741    
    139   154    13.8000000        15.2912211    
    139   155    13.8000000        15.3912680    
    139   156    13.8000000        15.4913150    
    139   157    13.8000000        15.5913619    
    139   158    13.8000000        15.6914089    
    139   159    13.8000000        15.7914558    
    139   160    13.8000000        15.8915028    
    139   161    13.8000000        15.9915497    
    139   162    13.8000000        16.0915967    
    139   163    13.8000000        16.1916436    
    139   164    13.8000000        16.2916905    
    139   165    13.8000000        16.3917375    
    139   166    13.8000000        16.4917844    
    139   167    13.8000000        16.5918314    
    139   168    13.8000000        16.6918783    
    139   169    13.8000000        16.7919253    
    139   170    13.8000000        16.8919722    
    139   171    13.8000000        16.9920192    
    139   172    13.8000000        17.0920661    
    139   173    13.8000000        17.1921131    
    139   174    13.8000000        17.2921600    
    139   175    13.8000000        17.3922070    
    139   176    13.8000000        17.4922539    
    139   177    13.8000000        17.5923008    
    139   178    13.8000000        17.6923478    
    139   179    13.8000000        17.7923947    
    139   180    13.8000000        17.8924417    
    139   181    13.8000000        17.9924886    
    139   182    13.8000000        18.0925356    
    139   183    13.8000000        18.1925825    
    139   184    13.8000000        18.2926295    
    139   185    13.8000000        18.3926764    
    139   186    13.8000000        18.4927234    
    139   187    13.8000000        18.5927703    
    139   188    13.8000000        18.6928173    
    139   189    13.8000000        18.7928642    
    139   190    13.8000000        18.8929111    
    139   191    13.8000000        18.9929581    
    139   192    13.8000000        19.0930050    
    139   193    13.8000000        19.1930520    
    139   194    13.8000000        19.2930989    
    139   195    13.8000000        19.3931459    
    139   196    13.8000000        19.4931928    
    139   197    13.8000000        19.5932398    
    139   198    13.8000000        19.6932867    
    139   199    13.8000000        19.7933337    
    139   200    13.8000000        19.8933806    
    139   201    13.8000000        19.9934275    
    139   202    13.8000000        20.0934745    
    139   203    13.8000000        20.1935214    
    139   204    13.8000000        20.2935684    
    139   205    13.8000000        20.3936153    
    139   206    13.8000000        20.4936623    
    139   207    13.8000000        20.5937092    
    139   208    13.8000000        20.6937562    
    139   209    13.8000000        20.7938031    
    139   210    13.8000000        20.8938501    
    139   211    13.8000000        20.9938970    
    139   212    13.8000000        21.0939440    
    139   213    13.8000000        21.1939909    
    139   214    13.8000000        21.2940378    
    139   215    13.8000000        21.3940848    
    139   216    13.8000000        21.4941317    
    139   217    13.8000000        21.5941787    
    139   218    13.8000000        21.6942256    
    139   219    13.8000000        21.7942726    
    139   220    13.8000000        21.8943195    
    139   221    13.8000000        21.9943665    
    139   222    13.8000000        22.0944134    
    139   223    13.8000000        22.1944604    
    139   224    13.8000000        22.2945073    
    139   225    13.8000000        22.3945543    
    139   226    13.8000000        22.4946012    
    139   227    13.8000000        22.5946481    
    139   228    13.8000000        22.6946951    
    139   229    13.8000000        22.7947420    
    139   230    13.8000000        22.8947890    
    139   231    13.8000000        22.9948359    
    139   232    13.8000000        23.0948829    
    139   233    13.8000000        23.1949298    
    139   234    13.8000000        23.2949768    
    139   235    13.8000000        23.3950237    
    139   236    13.8000000        23.4950707    
    139   237    13.8000000        23.5951176    
    139   238    13.8000000        23.6951646    
    139   239    13.8000000        23.7952115    
    139   240    13.8000000        23.8952584    
    139   241    13.8000000        23.9953054    
    139   242    13.8000000        24.0953523    
    139   243    13.8000000        24.1953993    
    139   244    13.8000000        24.2954462    
    139   245    13.8000000        24.3954932    
    139   246    13.8000000        24.4955401    
    139   247    13.8000000        24.5955871    
    139   248    13.8000000        24.6956340    
    139   249    13.8000000        24.7956810    
    139   250    13.8000000        24.8957279    
    139   251    13.8000000        24.9957749    
    139   252    13.8000000        25.0958218    
    139   253    13.8000000        25.1958687    
    139   254    13.8000000        25.2959157    
    139   255    13.8000000        25.3959626    
    139   256    13.8000000        25.4960096    
    139   257    13.8000000        25.5960565    
    139   258    13.8000000        25.6961035    
    139   259    13.8000000        25.7961504    
    139   260    13.8000000        25.8961974    
    139   261    13.8000000        25.9962443    
    139   262    13.8000000        26.0962913    
    139   263    13.8000000        26.1963382    
    139   264    13.8000000        26.2963852    
    139   265    13.8000000        26.3964321    
    139   266    13.8000000        26.4964790    
    139   267    13.8000000        26.5965260    
    139   268    13.8000000        26.6965729    
    139   269    13.8000000        26.7966199    
    139   270    13.8000000        26.8966668    
    139   271    13.8000000        26.9967138    
    139   272    13.8000000        27.0967607    
    139   273    13.8000000        27.1968077    
    139   274    13.8000000        27.2968546    
    139   275    13.8000000        27.3969016    
    139   276    13.8000000        27.4969485    
    139   277    13.8000000        27.5969955    
    139   278    13.8000000        27.6970424    
    139   279    13.8000000        27.7970893    
    139   280    13.8000000        27.8971363    
    139   281    13.8000000        27.9971832    
    139   282    13.8000000        28.0972302    
    139   283    13.8000000        28.1972771    
    139   284    13.8000000        28.2973241    
    139   285    13.8000000        28.3973710    
    139   286    13.8000000        28.4974180    
    139   287    13.8000000        28.5974649    
    139   288    13.8000000        28.6975119    
    139   289    13.8000000        28.7975588    
    139   290    13.8000000        28.8976058    
    139   291    13.8000000        28.9976527    
    139   292    13.8000000        29.0976996    
    139   293    13.8000000        29.1977466    
    139   294    13.8000000        29.2977935    
    139   295    13.8000000        29.3978405    
    139   296    13.8000000        29.4978874    
    139   297    13.8000000        29.5979344    
    139   298    13.8000000        29.6979813    
    139   299    13.8000000        29.7980283    
    139   300    13.8000000        29.8980752    
    139   301    13.8000000        29.9981222    
    139   302    13.8000000        30.0981691    
    139   303    13.8000000        30.1982160    
    139   304    13.8000000        30.2982630    
    139   305    13.8000000        30.3983099    
    139   306    13.8000000        30.4983569    
    139   307    13.8000000        30.5984038    
    139   308    13.8000000        30.6984508    
    139   309    13.8000000        30.7984977    
    139   310    13.8000000        30.8985447    
    139   311    13.8000000        30.9985916    
    139   312    13.8000000        31.0986386    
    139   313    13.8000000        31.1986855    
    139   314    13.8000000        31.2987325    
    139   315    13.8000000        31.3987794    
    139   316    13.8000000        31.4988263    
    139   317    13.8000000        31.5988733    
    139   318    13.8000000        31.6989202    
    139   319    13.8000000        31.7989672    
    139   320    13.8000000        31.8990141    
    139   321    13.8000000        31.9990611    
    139   322    13.8000000        32.0991080    
    139   323    13.8000000        32.1991550    
    139   324    13.8000000        32.2992019    
    139   325    13.8000000        32.3992489    
    139   326    13.8000000        32.4992958    
    139   327    13.8000000        32.5993428    
    139   328    13.8000000        32.6993897    
    139   329    13.8000000        32.7994366    
    139   330    13.8000000        32.8994836    
    139   331    13.8000000        32.9995305    
    139   332    13.8000000        33.0995775    
    139   333    13.8000000        33.1996244    
    139   334    13.8000000        33.2996714    
    139   335    13.8000000        33.3997183    
    139   336    13.8000000        33.4997653    
    139   337    13.8000000        33.5998122    
    139   338    13.8000000        33.6998592    
    139   339    13.8000000        33.7999061    
    139   340    13.8000000        33.8999531    
    139   341    13.8000000        34.0000000    
    140   342    13.9000000        34.1000000    
    141   342    14.0000000        34.1000000    
    142   342    14.1000000        34.1000000    
    143   342    14.2000000        34.1000000    
    144   342    14.3000000        34.1000000    
    145   342    14.4000000        34.1000000    
    146   342    14.5000000        34.1000000    
    147   342    14.6000000        34.1000000    
    148   342    14.7000000        34.1000000    
    149   342    14.8000000        34.1000000    
    150   342    14.9000000        34.1000000    
    151   342    15.0000000        34.1000000    
    152   342    15.1000000        34.1000000    
    153   342    15.2000000        34.1000000    
    154   342    15.3000000        34.1000000    
    155   342    15.4000000        34.1000000    
    156   342    15.5000000        34.1000000    
    157   342    15.6000000        34.1000000    
    158   342    15.7000000        34.1000000    
    159   342    15.8000000        34.1000000    
    160   342    15.9000000        34.1000000    
    161   342    16.0000000        34.1000000    
    162   342    16.1000000        34.1000000    
    163   342    16.2000000        34.1000000    
    164   342    16.3000000        34.1000000    
    165   342    16.4000000        34.1000000    
    166   342    16.5000000        34.1000000    
    167   342    16.6000000        34.1000000    
    168   342    16.7000000        34.1000000    
    169   342    16.8000000        34.1000000    
    170   342    16.9000000        34.1000000    
    171   342    17.0000000        34.1000000    
    172   342    17.1000000        34.1000000    
    173   342    17.2000000        34.1000000    
    174   342    17.3000000        34.1000000    
    175   342    17.4000000        34.1000000    
    176   342    17.5000000        34.1000000    
    177   342    17.6000000        34.1000000    
    178   342    17.7000000        34.1000000    
    179   342    17.8000000        34.1000000    
    179   343    17.8000000        34.2000000    
    179   344    17.8000000        34.3000000    
    179   345    17.8000000        34.4000000    
    179   346    17.8000000        34.5000000    
    179   347    17.8000000        34.6000000    
    179   348    17.8000000        34.7000000    
    179   349    17.8000000        34.8000000    
    179   350    17.8000000        34.9000000    
    179   351    17.8000000        35.0000000    
    179   352    17.8000000        35.1000000    
    178   352    17.7000000        35.1000000    
    177   352    17.6000000        35.1000000    
    176   352    17.5000000        35.1000000    
    175   352    17.4000000        35.1000000    
    174   352    17.3000000        35.1000000    
    173   352    17.2000000        35.1000000    
    172   352    17.1000000        35.1000000    
    171   352    17.0000000        35.1000000    
    170   352    16.9000000        35.1000000    
    169   352    16.8000000        35.1000000    
    168   352    16.7000000        35.1000000    
    167   352    16.6000000        35.1000000    
    166   352    16.5000000        35.1000000    
    165   352    16.4000000        35.1000000    
    164   352    16.3000000        35.1000000    
    163   352    16.2000000        35.1000000    
    162   352    16.1000000        35.1000000    
    161   352    16.0000000        35.1000000    
    160   352    15.9000000        35.1000000    
    159   352    15.8000000        35.1000000    
    158   352    15.7000000        35.1000000    
    157   352    15.6000000        35.1000000    
    156   352    15.5000000        35.1000000    
    155   352    15.4000000        35.1000000    
    154   352    15.3000000        35.1000000    
    153   352    15.2000000        35.1000000    
    152   352    15.1000000        35.1000000    
    151   352    15.0000000        35.1000000    
    150   352    14.9000000        35.1000000    
    149   352    14.8000000        35.1000000    
    148   352    14.7000000        35.1000000    
    147   352    14.6000000        35.1000000    
    146   352    14.5000000        35.1000000    
    145   352    14.4000000        35.1000000    
    144   352    14.3000000        35.1000000    
    143   352    14.2000000        35.1000000    
    142   352    14.1000000        35.1000000    
    141   352    14.0000000        35.1000000    
    140   352    13.9000000        35.1000000    
    139   353    13.8000000        35.2000000    
    139   354    13.8000000        35.3003448    
    139   355    13.8000000        35.4006897    
    139   356    13.8000000        35.5010345    
    139   357    13.8000000        35.6013793    
    139   358    13.8000000        35.7017241    
    139   359    13.8000000        35.8020690    
    139   360    13.8000000        35.9024138    
    139   361    13.8000000        36.0027586    
    139   362    13.8000000        36.1031034    
    139   363    13.8000000        36.2034483    
    139   364    13.8000000        36.3037931    
    139   365    13.8000000        36.4041379    
    139   366    13.8000000        36.5044828    
    139   367    13.8000000        36.6048276    
    139   368    13.8000000        36.7051724    
    139   369    13.8000000        36.8055172    
    139   370    13.8000000        36.9058621    
    139   371    13.8000000        37.0062069    
    139   372    13.8000000        37.1065517    
    139   373    13.8000000        37.2068966    
    139   374    13.8000000        37.3072414    
    139   375    13.8000000        37.4075862    
    139   376    13.8000000        37.5079310    
    139   377    13.8000000        37.6082759    
    139   378    13.8000000        37.7086207    
    139   379    13.8000000        37.8089655    
    139   380    13.8000000        37.9093103    
    139   381    13.8000000        38.0096552    
    139   382    13.8000000        38.1100000    
    139   383    13.8000000        38.2103448    
    139   384    13.8000000        38.3106897    
    139   385    13.8000000        38.4110345    
    139   386    13.8000000        38.5113793    
    139   387    13.8000000        38.6117241    
    139   388    13.8000000        38.7120690    
    139   389    13.8000000        38.8124138    
    139   390    13.8000000        38.9127586    
    139   391    13.8000000        39.0131034    
    139   392    13.8000000        39.1134483    
    139   393    13.8000000        39.2137931    
    139   394    13.8000000        39.3141379    
    139   395    13.8000000        39.4144828    
    139   396    13.8000000        39.5148276    
    139   397    13.8000000        39.6151724    
    139   398    13.8000000        39.7155172    
    139   399    13.8000000        39.8158621    
    139   400    13.8000000        39.9162069    
    139   401    13.8000000        40.0165517    
    139   402    13.8000000        40.1168966    
    139   403    13.8000000        40.2172414    
    139   404    13.8000000        40.3175862    
    139   405    13.8000000        40.4179310    
    139   406    13.8000000        40.5182759    
    139   407    13.8000000        40.6186207    
    139   408    13.8000000        40.7189655    
    139   409    13.8000000        40.8193103    
    139   410    13.8000000        40.9196552    
    139   411    13.8000000        41.0200000    
    139   412    13.7995667        41.1176376    
    138   413    13.7982667        41.2152675    
    139   414    13.7961002        41.3128820    
    138   415    13.7930674        41.4104734    
    139   416    13.7891684        41.5080340    
    138   417    13.7844037        41.6055562    
    139   418    13.7787735        41.7030322    
    138   419    13.7722783        41.8004543    
    139   420    13.7649187        41.8978149    
    138   421    13.7566951        41.9951062    
    138   422    13.7476083        42.0923207    
    138   423    13.7376590        42.1894507    
    138   424    13.7268480        42.2864884    
    138   425    13.7151761        42.3834263    
    138   426    13.7026442        42.4802566    
    137   427    13.6892534        42.5769719    
    138   428    13.6750046        42.6735643    
    137   429    13.6598991        42.7700264    
    137   430    13.6439379        42.8663506    
    137   431    13.6271225        42.9625291    
    137   432    13.6094540        43.0585545    
    136   433    13.5909339        43.1544191    
    137   434    13.5715637        43.2501155    
    136   435    13.5513449        43.3456360    
    136   436    13.5302791        43.4409732    
    135   437    13.5083679        43.5361195    
    136   438    13.4856131        43.6310675    
    135   439    13.4620164        43.7258095    
    135   440    13.4375799        43.8203383    
    134   441    13.4123053        43.9146462    
    135   442    13.3861946        44.0087260    
    134   443    13.3592500        44.1025701    
    134   444    13.3314736        44.1961712    
    133   445    13.3028675        44.2895219    
    133   446    13.2734341        44.3826148    
    132   447    13.2431756        44.4754427    
    133   448    13.2120944        44.5679981    
    132   449    13.1801930        44.6602738    
    132   450    13.1474739        44.7522626    
    131   451    13.1139397        44.8439571    
    131   452    13.0795931        44.9353501    
    130   453    13.0444367        45.0264345    
    130   454    13.0084733        45.1172030    
    129   455    12.9717058        45.2076486    
    129   456    12.9341371        45.2977641    
    128   457    12.8957701        45.3875423    
    128   458    12.8566079        45.4769762    
    127   459    12.8166536        45.5660589    
    127   460    12.7759103        45.6547831    
    126   461    12.7343812        45.7431420    
    126   462    12.6920696        45.8311286    
    125   463    12.6489789        45.9187360    
    125   464    12.6051125        46.0059572    
    124   465    12.5604737        46.0927855    
    124   466    12.5150663        46.1792138    
    123   467    12.4688936        46.2652356    
    123   468    12.4219595        46.3508439    
    122   469    12.3742675        46.4360320    
    122   470    12.3258214        46.5207932    
    121   471    12.2766252        46.6051209    
    121   472    12.2266826        46.6890083    
    120   472    12.1759976        46.7724490    
    119   473    12.1245742        46.8554363    
    119   474    12.0724164        46.9379636    
    118   475    12.0195285        47.0200246    
    118   476    11.9659144        47.1016126    
    117   477    11.9115786        47.1827214    
    116   477    11.8565252        47.2633445    
    116   478    11.8007587        47.3434756    
    115   479    11.7442833        47.4231083    
    115   480    11.6871036        47.5022364    
    114   481    11.6292241        47.5808537    
    113   481    11.5706494        47.6589539    
    113   482    11.5113840        47.7365310    
    112   483    11.4514327        47.8135788    
    111   483    11.3908001        47.8900912    
    111   484    11.3294911        47.9660623    
    110   485    11.2675105        48.0414860    
    110   486    11.2048632        48.1163565    
    109   486    11.1415541        48.1906677    
    108   487    11.0775882        48.2644140    
    108   488    11.0129706        48.3375894    
    107   488    10.9477063        48.4101882    
    106   489    10.8818006        48.4822047    
    106   490    10.8152585        48.5536333    
    105   490    10.7480855        48.6244683    
    104   491    10.6802866        48.6947041    
    104   492    10.6118674        48.7643352    
    103   492    10.5428331        48.8333562    
    102   493    10.4731893        48.9017616    
    102   494    10.4029414        48.9695460    
    101   494    10.3320950        49.0367041    
    100   495    10.2606556        49.1032306    
     99   495    10.1886289        49.1691203    
     99   496    10.1160206        49.2343680    
     98   496    10.0428364        49.2989686    
     97   497    9.96908197        49.3629170    
     97   498    9.89476324        49.4262081    
     96   498    9.81988603        49.4888370    
     95   499    9.74445625        49.5507988    
     94   499    9.66847983        49.6120885    
     94   500    9.59196278        49.6727014    
     93   500    9.51491111        49.7326327    
     92   501    9.43733089        49.7918777    
     91   501    9.35922826        49.8504317    
     91   502    9.28060935        49.9082902    
     90   502    9.20148036        49.9654485    
     89   503    9.12184752        50.0219022    
     88   503    9.04171712        50.0776469    
     88   504    8.96109546        50.1326781    
     87   504    8.87998889        50.1869916    
     86   505    8.79840381        50.2405830    
     85   505    8.71634664        50.2934482    
     85   506    8.63382385        50.3455831    
     84   506    8.55084193        50.3969834    
     83   507    8.46740742        50.4476452    
     82   507    8.38352689        50.4975644    
     82   508    8.29920696        50.5467373    
     81   508    8.21445426        50.5951598    
     80   508    8.12927546        50.6428282    
     79   509    8.04367727        50.6897388    
     78   509    7.95766644        50.7358879    
     78   510    7.87124974        50.7812717    
     77   510    7.78443397        50.8258869    
     76   510    7.69722597        50.8697298    
     75   511    7.60963260        50.9127971    
     74   511    7.52166077        50.9550853    
     73   511    7.43331739        50.9965911    
     73   512    7.34460943        51.0373113    
     72   512    7.25554387        51.0772426    
     71   513    7.16612771        51.1163820    
     70   513    7.07636801        51.1547263    
     69   513    6.98627182        51.1922725    
     69   514    6.89584624        51.2290178    
     68   514    6.80509838        51.2649591    
     67   514    6.71403540        51.3000937    
     66   515    6.62266445        51.3344189    
     65   515    6.53099273        51.3679318    
     64   515    6.43902745        51.4006300    
     63   515    6.34677585        51.4325108    
     63   516    6.25424520        51.4635717    
     62   516    6.16144278        51.4938103    
     61   516    6.06837588        51.5232242    
     60   516    5.97505184        51.5518111    
     59   517    5.88147799        51.5795688    
     58   517    5.78766171        51.6064951    
     57   517    5.69361037        51.6325878    
     56   517    5.59933138        51.6578449    
     56   518    5.50483215        51.6822644    
     55   518    5.41012013        51.7058445    
     54   518    5.31520275        51.7285832    
     53   518    5.22008750        51.7504789    
     52   519    5.12478186        51.7715296    
     51   519    5.02929332        51.7917339    
     50   519    4.93362940        51.8110901    
     49   519    4.83779762        51.8295967    
     48   519    4.74180553        51.8472522    
     47   519    4.64566068        51.8640554    
     47   520    4.54937063        51.8800047    
     46   520    4.45294295        51.8950991    
     45   520    4.35638524        51.9093372    
     44   520    4.25970510        51.9227181    
     43   520    4.16291012        51.9352405    
     42   520    4.06600792        51.9469037    
     41   520    3.96900613        51.9577066    
     40   520    3.87191237        51.9676483    
     39   521    3.77473429        51.9767282    
     38   521    3.67747953        51.9849455    
     37   521    3.58015574        51.9922995    
     36   521    3.48277058        51.9987897    
     35   521    3.38533171        52.0044156    
     34   521    3.28784679        52.0091767    
     33   521    3.19032349        52.0130727    
     32   521    3.09276949        52.0161032    
     31   521    2.99519245        52.0182680    
     30   521    2.89760007        52.0195670    
     29   521    2.80000000        52.0200000    
     28   521    2.70000000        52.0200000    
     27   521    2.60000000        52.0200000    
     26   521    2.50000000        52.0200000    
     25   521    2.40000000        52.0200000    
     24   521    2.30000000        52.0200000    
     23   521    2.20000000        52.0200000    
     22   521    2.10000000        52.0200000    
     21   521    2.00000000        52.0200000    
     20   521    1.90000000        52.0200000    
     19   521    1.80000000        52.0200000    
     18   521    1.70000000        52.0200000    
     17   521    1.60000000        52.0200000    
     16   521    1.50000000        52.0200000    
     15   521    1.40000000        52.0200000    
     14   521    1.30000000        52.0200000    
     13   521    1.20000000        52.0200000    
     12   521    1.10000000        52.0200000    
     11   521    1.00000000        52.0200000    
     10   521   0.900000000        52.0200000    
      9   521   0.800000000        52.0200000    
      8   521   0.700000000        52.0200000    
      7   521   0.600000000        52.0200000    
      6   521   0.500000000        52.0200000    
      5   521   0.400000000        52.0200000    
      4   521   0.300000000        52.0200000    
      3   521   0.200000000        52.0200000    
      2   521   0.100000000        52.0200000    
      1   521    0.00000000        52.0200000    
      1   520    0.00000000        51.9199615    
      1   519    0.00000000        51.8199231    
      1   518    0.00000000        51.7198846    
      1   517    0.00000000        51.6198462    
      1   516    0.00000000        51.5198077    
      1   515    0.00000000        51.4197692    
      1   514    0.00000000        51.3197308    
      1   513    0.00000000        51.2196923    
      1   512    0.00000000        51.1196538    
      1   511    0.00000000        51.0196154    
      1   510    0.00000000        50.9195769    
      1   509    0.00000000        50.8195385    
      1   508    0.00000000        50.7195000    
      1   507    0.00000000        50.6194615    
      1   506    0.00000000        50.5194231    
      1   505    0.00000000        50.4193846    
      1   504    0.00000000        50.3193462    
      1   503    0.00000000        50.2193077    
      1   502    0.00000000        50.1192692    
      1   501    0.00000000        50.0192308    
      1   500    0.00000000        49.9191923    
      1   499    0.00000000        49.8191538    
      1   498    0.00000000        49.7191154    
      1   497    0.00000000        49.6190769    
      1   496    0.00000000        49.5190385    
      1   495    0.00000000        49.4190000    
      1   494    0.00000000        49.3189615    
      1   493    0.00000000        49.2189231    
      1   492    0.00000000        49.1188846    
      1   491    0.00000000        49.0188462    
      1   490    0.00000000        48.9188077    
      1   489    0.00000000        48.8187692    
      1   488    0.00000000        48.7187308    
      1   487    0.00000000        48.6186923    
      1   486    0.00000000        48.5186538    
      1   485    0.00000000        48.4186154    
      1   484    0.00000000        48.3185769    
      1   483    0.00000000        48.2185385    
      1   482    0.00000000        48.1185000    
      1   481    0.00000000        48.0184615    
      1   480    0.00000000        47.9184231    
      1   479    0.00000000        47.8183846    
      1   478    0.00000000        47.7183462    
      1   477    0.00000000        47.6183077    
      1   476    0.00000000        47.5182692    
      1   475    0.00000000        47.4182308    
      1   474    0.00000000        47.3181923    
      1   473    0.00000000        47.2181538    
      1   472    0.00000000        47.1181154    
      1   471    0.00000000        47.0180769    
      1   470    0.00000000        46.9180385    
      1   469    0.00000000        46.8180000    
      1   468    0.00000000        46.7179615    
      1   467    0.00000000        46.6179231    
      1   466    0.00000000        46.5178846    
      1   465    0.00000000        46.4178462    
      1   464    0.00000000        46.3178077    
      1   463    0.00000000        46.2177692    
      1   462    0.00000000        46.1177308    
      1   461    0.00000000        46.0176923    
      1   460    0.00000000        45.9176538    
      1   459    0.00000000        45.8176154    
      1   458    0.00000000        45.7175769    
      1   457    0.00000000        45.6175385    
      1   456    0.00000000        45.5175000    
      1   455    0.00000000        45.4174615    
      1   454    0.00000000        45.3174231    
      1   453    0.00000000        45.2173846    
      1   452    0.00000000        45.1173462    
      1   451    0.00000000        45.0173077    
      1   450    0.00000000        44.9172692    
      1   449    0.00000000        44.8172308    
      1   448    0.00000000        44.7171923    
      1   447    0.00000000        44.6171538    
      1   446    0.00000000        44.5171154    
      1   445    0.00000000        44.4170769    
      1   444    0.00000000        44.3170385    
      1   443    0.00000000        44.2170000    
      1   442    0.00000000        44.1169615    
      1   441    0.00000000        44.0169231    
      1   440    0.00000000        43.9168846    
      1   439    0.00000000        43.8168462    
      1   438    0.00000000        43.7168077    
      1   437    0.00000000        43.6167692    
      1   436    0.00000000        43.5167308    
      1   435    0.00000000        43.4166923    
      1   434    0.00000000        43.3166538    
      1   433    0.00000000        43.2166154    
      1   432    0.00000000        43.1165769    
      1   431    0.00000000        43.0165385    
      1   430    0.00000000        42.9165000    
      1   429    0.00000000        42.8164615    
      1   428    0.00000000        42.7164231    
      1   427    0.00000000        42.6163846    
      1   426    0.00000000        42.5163462    
      1   425    0.00000000        42.4163077    
      1   424    0.00000000        42.3162692    
      1   423    0.00000000        42.2162308    
      1   422    0.00000000        42.1161923    
      1   421    0.00000000        42.0161538    
      1   420    0.00000000        41.9161154    
      1   419    0.00000000        41.8160769    
      1   418    0.00000000        41.7160385    
      1   417    0.00000000        41.6160000    
      1   416    0.00000000        41.5159615    
      1   415    0.00000000        41.4159231    
      1   414    0.00000000        41.3158846    
      1   413    0.00000000        41.2158462    
      1   412    0.00000000        41.1158077    
      1   411    0.00000000        41.0157692    
      1   410    0.00000000        40.9157308    
      1   409    0.00000000        40.8156923    
      1   408    0.00000000        40.7156538    
      1   407    0.00000000        40.6156154    
      1   406    0.00000000        40.5155769    
      1   405    0.00000000        40.4155385    
      1   404    0.00000000        40.3155000    
      1   403    0.00000000        40.2154615    
      1   402    0.00000000        40.1154231    
      1   401    0.00000000        40.0153846    
      1   400    0.00000000        39.9153462    
      1   399    0.00000000        39.8153077    
      1   398    0.00000000        39.7152692    
      1   397    0.00000000        39.6152308    
      1   396    0.00000000        39.5151923    
      1   395    0.00000000        39.4151538    
      1   394    0.00000000        39.3151154    
      1   393    0.00000000        39.2150769    
      1   392    0.00000000        39.1150385    
      1   391    0.00000000        39.0150000    
      1   390    0.00000000        38.9149615    
      1   389    0.00000000        38.8149231    
      1   388    0.00000000        38.7148846    
      1   387    0.00000000        38.6148462    
      1   386    0.00000000        38.5148077    
      1   385    0.00000000        38.4147692    
      1   384    0.00000000        38.3147308    
      1   383    0.00000000        38.2146923    
      1   382    0.00000000        38.1146538    
      1   381    0.00000000        38.0146154    
      1   380    0.00000000        37.9145769    
      1   379    0.00000000        37.8145385    
      1   378    0.00000000        37.7145000    
      1   377    0.00000000        37.6144615    
      1   376    0.00000000        37.5144231    
      1   375    0.00000000        37.4143846    
      1   374    0.00000000        37.3143462    
      1   373    0.00000000        37.2143077    
      1   372    0.00000000        37.1142692    
      1   371    0.00000000        37.0142308    
      1   370    0.00000000        36.9141923    
      1   369    0.00000000        36.8141538    
      1   368    0.00000000        36.7141154    
      1   367    0.00000000        36.6140769    
      1   366    0.00000000        36.5140385    
      1   365    0.00000000        36.4140000    
      1   364    0.00000000        36.3139615    
      1   363    0.00000000        36.2139231    
      1   362    0.00000000        36.1138846    
      1   361    0.00000000        36.0138462    
      1   360    0.00000000        35.9138077    
      1   359    0.00000000        35.8137692    
      1   358    0.00000000        35.7137308    
      1   357    0.00000000        35.6136923    
      1   356    0.00000000        35.5136538    
      1   355    0.00000000        35.4136154    
      1   354    0.00000000        35.3135769    
      1   353    0.00000000        35.2135385    
      1   352    0.00000000        35.1135000    
      1   351    0.00000000        35.0134615    
      1   350    0.00000000        34.9134231    
      1   349    0.00000000        34.8133846    
      1   348    0.00000000        34.7133462    
      1   347    0.00000000        34.6133077    
      1   346    0.00000000        34.5132692    
      1   345    0.00000000        34.4132308    
      1   344    0.00000000        34.3131923    
      1   343    0.00000000        34.2131538    
      1   342    0.00000000        34.1131154    
      1   341    0.00000000        34.0130769    
      1   340    0.00000000        33.9130385    
      1   339    0.00000000        33.8130000    
      1   338    0.00000000        33.7129615    
      1   337    0.00000000        33.6129231    
      1   336    0.00000000        33.5128846    
      1   335    0.00000000        33.4128462    
      1   334    0.00000000        33.3128077    
      1   333    0.00000000        33.2127692    
      1   332    0.00000000        33.1127308    
      1   331    0.00000000        33.0126923    
      1   330    0.00000000        32.9126538    
      1   329    0.00000000        32.8126154    
      1   328    0.00000000        32.7125769    
      1   327    0.00000000        32.6125385    
      1   326    0.00000000        32.5125000    
      1   325    0.00000000        32.4124615    
      1   324    0.00000000        32.3124231    
      1   323    0.00000000        32.2123846    
      1   322    0.00000000        32.1123462    
      1   321    0.00000000        32.0123077    
      1   320    0.00000000        31.9122692    
      1   319    0.00000000        31.8122308    
      1   318    0.00000000        31.7121923    
      1   317    0.00000000        31.6121538    
      1   316    0.00000000        31.5121154    
      1   315    0.00000000        31.4120769    
      1   314    0.00000000        31.3120385    
      1   313    0.00000000        31.2120000    
      1   312    0.00000000        31.1119615    
      1   311    0.00000000        31.0119231    
      1   310    0.00000000        30.9118846    
      1   309    0.00000000        30.8118462    
      1   308    0.00000000        30.7118077    
      1   307    0.00000000        30.6117692    
      1   306    0.00000000        30.5117308    
      1   305    0.00000000        30.4116923    
      1   304    0.00000000        30.3116538    
      1   303    0.00000000        30.2116154    
      1   302    0.00000000        30.1115769    
      1   301    0.00000000        30.0115385    
      1   300    0.00000000        29.9115000    
      1   299    0.00000000        29.8114615    
      1   298    0.00000000        29.7114231    
      1   297    0.00000000        29.6113846    
      1   296    0.00000000        29.5113462    
      1   295    0.00000000        29.4113077    
      1   294    0.00000000        29.3112692    
      1   293    0.00000000        29.2112308    
      1   292    0.00000000        29.1111923    
      1   291    0.00000000        29.0111538    
      1   290    0.00000000        28.9111154    
      1   289    0.00000000        28.8110769    
      1   288    0.00000000        28.7110385    
      1   287    0.00000000        28.6110000    
      1   286    0.00000000        28.5109615    
      1   285    0.00000000        28.4109231    
      1   284    0.00000000        28.3108846    
      1   283    0.00000000        28.2108462    
      1   282    0.00000000        28.1108077    
      1   281    0.00000000        28.0107692    
      1   280    0.00000000        27.9107308    
      1   279    0.00000000        27.8106923    
      1   278    0.00000000        27.7106538    
      1   277    0.00000000        27.6106154    
      1   276    0.00000000        27.5105769    
      1   275    0.00000000        27.4105385    
      1   274    0.00000000        27.3105000    
      1   273    0.00000000        27.2104615    
      1   272    0.00000000        27.1104231    
      1   271    0.00000000        27.0103846    
      1   270    0.00000000        26.9103462    
      1   269    0.00000000        26.8103077    
      1   268    0.00000000        26.7102692    
      1   267    0.00000000        26.6102308    
      1   266    0.00000000        26.5101923    
      1   265    0.00000000        26.4101538    
      1   264    0.00000000        26.3101154    
      1   263    0.00000000        26.2100769    
      1   262    0.00000000        26.1100385    
      1   261    0.00000000        26.0100000    
      1   260    0.00000000        25.9099615    
      1   259    0.00000000        25.8099231    
      1   258    0.00000000        25.7098846    
      1   257    0.00000000        25.6098462    
      1   256    0.00000000        25.5098077    
      1   255    0.00000000        25.4097692    
      1   254    0.00000000        25.3097308    
      1   253    0.00000000        25.2096923    
      1   252    0.00000000        25.1096538    
      1   251    0.00000000        25.0096154    
      1   250    0.00000000        24.9095769    
      1   249    0.00000000        24.8095385    
      1   248    0.00000000        24.7095000    
      1   247    0.00000000        24.6094615    
      1   246    0.00000000        24.5094231    
      1   245    0.00000000        24.4093846    
      1   244    0.00000000        24.3093462    
      1   243    0.00000000        24.2093077    
      1   242    0.00000000        24.1092692    
      1   241    0.00000000        24.0092308    
      1   240    0.00000000        23.9091923    
      1   239    0.00000000        23.8091538    
      1   238    0.00000000        23.7091154    
      1   237    0.00000000        23.6090769    
      1   236    0.00000000        23.5090385    
      1   235    0.00000000        23.4090000    
      1   234    0.00000000        23.3089615    
      1   233    0.00000000        23.2089231    
      1   232    0.00000000        23.1088846    
      1   231    0.00000000        23.0088462    
      1   230    0.00000000        22.9088077    
      1   229    0.00000000        22.8087692    
      1   228    0.00000000        22.7087308    
      1   227    0.00000000        22.6086923    
      1   226    0.00000000        22.5086538    
      1   225    0.00000000        22.4086154    
      1   224    0.00000000        22.3085769    
      1   223    0.00000000        22.2085385    
      1   222    0.00000000        22.1085000    
      1   221    0.00000000        22.0084615    
      1   220    0.00000000        21.9084231    
      1   219    0.00000000        21.8083846    
      1   218    0.00000000        21.7083462    
      1   217    0.00000000        21.6083077    
      1   216    0.00000000        21.5082692    
      1   215    0.00000000        21.4082308    
      1   214    0.00000000        21.3081923    
      1   213    0.00000000        21.2081538    
      1   212    0.00000000        21.1081154    
      1   211    0.00000000        21.0080769    
      1   210    0.00000000        20.9080385    
      1   209    0.00000000        20.8080000    
      1   208    0.00000000        20.7079615    
      1   207    0.00000000        20.6079231    
      1   206    0.00000000        20.5078846    
      1   205    0.00000000        20.4078462    
      1   204    0.00000000        20.3078077    
      1   203    0.00000000        20.2077692    
      1   202    0.00000000        20.1077308    
      1   201    0.00000000        20.0076923    
      1   200    0.00000000        19.9076538    
      1   199    0.00000000        19.8076154    
      1   198    0.00000000        19.7075769    
      1   197    0.00000000        19.6075385    
      1   196    0.00000000        19.5075000    
      1   195    0.00000000        19.4074615    
      1   194    0.00000000        19.3074231    
      1   193    0.00000000        19.2073846    
      1   192    0.00000000        19.1073462    
      1   191    0.00000000        19.0073077    
      1   190    0.00000000        18.9072692    
      1   189    0.00000000        18.8072308    
      1   188    0.00000000        18.7071923    
      1   187    0.00000000        18.6071538    
      1   186    0.00000000        18.5071154    
      1   185    0.00000000        18.4070769    
      1   184    0.00000000        18.3070385    
      1   183    0.00000000        18.2070000    
      1   182    0.00000000        18.1069615    
      1   181    0.00000000        18.0069231    
      1   180    0.00000000        17.9068846    
      1   179    0.00000000        17.8068462    
      1   178    0.00000000        17.7068077    
      1   177    0.00000000        17.6067692    
      1   176    0.00000000        17.5067308    
      1   175    0.00000000        17.4066923    
      1   174    0.00000000        17.3066538    
      1   173    0.00000000        17.2066154    
      1   172    0.00000000        17.1065769    
      1   171    0.00000000        17.0065385    
      1   170    0.00000000        16.9065000    
      1   169    0.00000000        16.8064615    
      1   168    0.00000000        16.7064231    
      1   167    0.00000000        16.6063846    
      1   166    0.00000000        16.5063462    
      1   165    0.00000000        16.4063077    
      1   164    0.00000000        16.3062692    
      1   163    0.00000000        16.2062308    
      1   162    0.00000000        16.1061923    
      1   161    0.00000000        16.0061538    
      1   160    0.00000000        15.9061154    
      1   159    0.00000000        15.8060769    
      1   158    0.00000000        15.7060385    
      1   157    0.00000000        15.6060000    
      1   156    0.00000000        15.5059615    
      1   155    0.00000000        15.4059231    
      1   154    0.00000000        15.3058846    
      1   153    0.00000000        15.2058462    
      1   152    0.00000000        15.1058077    
      1   151    0.00000000        15.0057692    
      1   150    0.00000000        14.9057308    
      1   149    0.00000000        14.8056923    
      1   148    0.00000000        14.7056538    
      1   147    0.00000000        14.6056154    
      1   146    0.00000000        14.5055769    
      1   145    0.00000000        14.4055385    
      1   144    0.00000000        14.3055000    
      1   143    0.00000000        14.2054615    
      1   142    0.00000000        14.1054231    
      1   141    0.00000000        14.0053846    
      1   140    0.00000000        13.9053462    
      1   139    0.00000000        13.8053077    
      1   138    0.00000000        13.7052692    
      1   137    0.00000000        13.6052308    
      1   136    0.00000000        13.5051923    
      1   135    0.00000000        13.4051538    
      1   134    0.00000000        13.3051154    
      1   133    0.00000000        13.2050769    
      1   132    0.00000000        13.1050385    
      1   131    0.00000000        13.0050000    
      1   130    0.00000000        12.9049615    
      1   129    0.00000000        12.8049231    
      1   128    0.00000000        12.7048846    
      1   127    0.00000000        12.6048462    
      1   126    0.00000000        12.5048077    
      1   125    0.00000000        12.4047692    
      1   124    0.00000000        12.3047308    
      1   123    0.00000000        12.2046923    
      1   122    0.00000000        12.1046538    
      1   121    0.00000000        12.0046154    
      1   120    0.00000000        11.9045769    
      1   119    0.00000000        11.8045385    
      1   118    0.00000000        11.7045000    
      1   117    0.00000000        11.6044615    
      1   116    0.00000000        11.5044231    
      1   115    0.00000000        11.4043846    
      1   114    0.00000000        11.3043462    
      1   113    0.00000000        11.2043077    
      1   112    0.00000000        11.1042692    
      1   111    0.00000000        11.0042308    
      1   110    0.00000000        10.9041923    
      1   109    0.00000000        10.8041538    
      1   108    0.00000000        10.7041154    
      1   107    0.00000000        10.6040769    
      1   106    0.00000000        10.5040385    
      1   105    0.00000000        10.4040000    
      1   104    0.00000000        10.3039615    
      1   103    0.00000000        10.2039231    
      1   102    0.00000000        10.1038846    
      1   101    0.00000000        10.0038462    
      1   100    0.00000000        9.90380769    
      1    99    0.00000000        9.80376923    
      1    98    0.00000000        9.70373077    
      1    97    0.00000000        9.60369231    
      1    96    0.00000000        9.50365385    
      1    95    0.00000000        9.40361538    
      1    94    0.00000000        9.30357692    
      1    93    0.00000000        9.20353846    
      1    92    0.00000000        9.10350000    
      1    91    0.00000000        9.00346154    
      1    90    0.00000000        8.90342308    
      1    89    0.00000000        8.80338462    
      1    88    0.00000000        8.70334615    
      1    87    0.00000000        8.60330769    
      1    86    0.00000000        8.50326923    
      1    85    0.00000000        8.40323077    
      1    84    0.00000000        8.30319231    
      1    83    0.00000000        8.20315385    
      1    82    0.00000000        8.10311538    
      1    81    0.00000000        8.00307692    
      1    80    0.00000000        7.90303846    
      1    79    0.00000000        7.80300000    
      1    78    0.00000000        7.70296154    
      1    77    0.00000000        7.60292308    
      1    76    0.00000000        7.50288462    
      1    75    0.00000000        7.40284615    
      1    74    0.00000000        7.30280769    
      1    73    0.00000000        7.20276923    
      1    72    0.00000000        7.10273077    
      1    71    0.00000000        7.00269231    
      1    70    0.00000000        6.90265385    
      1    69    0.00000000        6.80261538    
      1    68    0.00000000        6.70257692    
      1    67    0.00000000        6.60253846    
      1    66    0.00000000        6.50250000    
      1    65    0.00000000        6.40246154    
      1    64    0.00000000        6.30242308    
      1    63    0.00000000        6.20238462    
      1    62    0.00000000        6.10234615    
      1    61    0.00000000        6.00230769    
      1    60    0.00000000        5.90226923    
      1    59    0.00000000        5.80223077    
      1    58    0.00000000        5.70219231    
      1    57    0.00000000        5.60215385    
      1    56    0.00000000        5.50211538    
      1    55    0.00000000        5.40207692    
      1    54    0.00000000        5.30203846    
      1    53    0.00000000        5.20200000    
      1    52    0.00000000        5.10196154    
      1    51    0.00000000        5.00192308    
      1    50    0.00000000        4.90188462    
      1    49    0.00000000        4.80184615    
      1    48    0.00000000        4.70180769    
      1    47    0.00000000        4.60176923    
      1    46    0.00000000        4.50173077    
      1    45    0.00000000        4.40169231    
      1    44    0.00000000        4.30165385    
      1    43    0.00000000        4.20161538    
      1    42    0.00000000        4.10157692    
      1    41    0.00000000        4.00153846    
      1    40    0.00000000        3.90150000    
      1    39    0.00000000        3.80146154    
      1    38    0.00000000        3.70142308    
      1    37    0.00000000        3.60138462    
      1    36    0.00000000        3.50134615    
      1    35    0.00000000        3.40130769    
      1    34    0.00000000        3.30126923    
      1    33    0.00000000        3.20123077    
      1    32    0.00000000        3.10119231    
      1    31    0.00000000        3.00115385    
      1    30    0.00000000        2.90111538    
      1    29    0.00000000        2.80107692    
      1    28    0.00000000        2.70103846    
      1    27    0.00000000        2.60100000    
      1    26    0.00000000        2.50096154    
      1    25    0.00000000        2.40092308    
      1    24    0.00000000        2.30088462    
      1    23    0.00000000        2.20084615    
      1    22    0.00000000        2.10080769    
      1    21    0.00000000        2.00076923    
      1    20    0.00000000        1.90073077    
      1    19    0.00000000        1.80069231    
      1    18    0.00000000        1.70065385    
      1    17    0.00000000        1.60061538    
      1    16    0.00000000        1.50057692    
      1    15    0.00000000        1.40053846    
      1    14    0.00000000        1.30050000    
      1    13    0.00000000        1.20046154    
      1    12    0.00000000        1.10042308    
      1    11    0.00000000        1.00038462    
      1    10    0.00000000       0.900346154    
      1     9    0.00000000       0.800307692    
      1     8    0.00000000       0.700269231    
      1     7    0.00000000       0.600230769    
      1     6    0.00000000       0.500192308    
      1     5    0.00000000       0.400153846    
      1     4    0.00000000       0.300115385    
      1     3    0.00000000       0.200076923    
      1     2    0.00000000       0.100038462    
      1     1    0.00000000        0.00000000    
Region 1 done, 19 fixed points, 1603 total boundary points.
Logical boundary segment end points for region 1:
Segment   Starting Point    Ending Point
              K     L         K     L
    1         1     1       239     1
    2       239     1       239    36
    3       239    36       139    36
    4       139    36       114    36
    5       114    36       109    54
    6       109    54       135    73
    7       135    73       139    80
    8       139    80       139   341
    9       139   341       140   342
   10       140   342       159   342
   11       159   342       179   342
   12       179   342       179   352
   13       179   352       140   352
   14       140   352       139   353
   15       139   353       139   411
   16       139   411        29   521
   17        29   521         1   521
   18         1   521         1     1

Logical path finding for region 2
(includes extra boundary points at intersections of line
regions plus points from other user-supplied segments)
  Point NT    X           Y           R           A           B         Fwd   Bkw
     2   1    17.80       34.10
     3   1    17.80       33.10                                          11    11
     4   1    15.80       33.10                                          21    21
     5   1    15.80       34.10                                          11    11
 

Region 2 mesh points
      K     L        X                 Y
    159   342    15.8000000        34.1000000    
    160   342    15.9000000        34.1000000    
    161   342    16.0000000        34.1000000    
    162   342    16.1000000        34.1000000    
    163   342    16.2000000        34.1000000    
    164   342    16.3000000        34.1000000    
    165   342    16.4000000        34.1000000    
    166   342    16.5000000        34.1000000    
    167   342    16.6000000        34.1000000    
    168   342    16.7000000        34.1000000    
    169   342    16.8000000        34.1000000    
    170   342    16.9000000        34.1000000    
    171   342    17.0000000        34.1000000    
    172   342    17.1000000        34.1000000    
    173   342    17.2000000        34.1000000    
    174   342    17.3000000        34.1000000    
    175   342    17.4000000        34.1000000    
    176   342    17.5000000        34.1000000    
    177   342    17.6000000        34.1000000    
    178   342    17.7000000        34.1000000    
    179   342    17.8000000        34.1000000    
    179   341    17.8000000        34.0000000    
    179   340    17.8000000        33.9000000    
    179   339    17.8000000        33.8000000    
    179   338    17.8000000        33.7000000    
    179   337    17.8000000        33.6000000    
    179   336    17.8000000        33.5000000    
    179   335    17.8000000        33.4000000    
    179   334    17.8000000        33.3000000    
    179   333    17.8000000        33.2000000    
    179   332    17.8000000        33.1000000    
    178   332    17.7000000        33.1000000    
    177   332    17.6000000        33.1000000    
    176   332    17.5000000        33.1000000    
    175   332    17.4000000        33.1000000    
    174   332    17.3000000        33.1000000    
    173   332    17.2000000        33.1000000    
    172   332    17.1000000        33.1000000    
    171   332    17.0000000        33.1000000    
    170   332    16.9000000        33.1000000    
    169   332    16.8000000        33.1000000    
    168   332    16.7000000        33.1000000    
    167   332    16.6000000        33.1000000    
    166   332    16.5000000        33.1000000    
    165   332    16.4000000        33.1000000    
    164   332    16.3000000        33.1000000    
    163   332    16.2000000        33.1000000    
    162   332    16.1000000        33.1000000    
    161   332    16.0000000        33.1000000    
    160   332    15.9000000        33.1000000    
    159   332    15.8000000        33.1000000    
    159   333    15.8000000        33.2000000    
    159   334    15.8000000        33.3000000    
    159   335    15.8000000        33.4000000    
    159   336    15.8000000        33.5000000    
    159   337    15.8000000        33.6000000    
    159   338    15.8000000        33.7000000    
    159   339    15.8000000        33.8000000    
    159   340    15.8000000        33.9000000    
    159   341    15.8000000        34.0000000    
    159   342    15.8000000        34.1000000    
Region 2 done, 5 fixed points, 61 total boundary points.
Logical boundary segment end points for region 2:
Segment   Starting Point    Ending Point
              K     L         K     L
   19       159   342       179   342
   20       179   342       179   332
   21       179   332       159   332
   22       159   332       159   342


Drive point at X = 13.8, K = 139, Y = 41.02, L = 411.

Region 3 mesh points
      K     L        X                 Y
    139   411    13.8000000        41.0200000    

Superfish material data:
MAT       Re(Eps)       Im(Eps)           Re(Mu)        Im(Mu)
  1       1.00000       0.00000           1.00000       0.00000    
  2       10.6000       0.00000         -0.671689       3.82779    

Processing boundary data...
Memory used for additional setup arrays:    3.141 M


Region 1    Material = 1
Region boundary indicator = 1
Equal-weight triangles
Region 1 is closed.


Region 2    Material = 2
Region boundary indicator = 1
Equal-weight triangles
Region 2 is closed.


Region 3    Material = 1
Region boundary indicator = -1
Driving field = 1
Equal-weight triangles
Region 3 contains a single point.

Logical boundary segment end points for all regions:
Segment    Starting Point        Ending Point
          Index    K     L     Index    K     L
    1        1     1     1      239   239     1
    2      239   239     1      274   239    36
    3      274   239    36      374   139    36
    4      374   139    36      399   114    36
    5      399   114    36      425   109    54
    6      425   109    54      461   135    73
    7      461   135    73      469   139    80
    8      469   139    80      730   139   341
    9      730   139   341      731   140   342
   10      731   140   342      750   159   342
   11      750   159   342      770   179   342
   12      770   179   342      780   179   352
   13      780   179   352      819   140   352
   14      819   140   352      820   139   353
   15      820   139   353      878   139   411
   16      878   139   411     1055    29   521
   17     1055    29   521     1083     1   521
   18     1083     1   521     1603     1     1
   19     1604   159   342     1624   179   342
   20     1624   179   342     1634   179   332
   21     1634   179   332     1654   159   332
   22     1654   159   332     1664   159   342

Relaxation parameters, 71468 unknown points.
Optimizing mesh by successive over relaxation...
          -------X coordinate--------     -------Y coordinate--------
Cycle      Residual     ETA      RHO       Residual     ETA      RHO

     1    4.542E-03   1.0000   1.6000     1.592E-04   1.0000   1.6000
     2    5.745E-03   0.6813   1.6000     2.051E-04   0.6734   1.6000
     3    3.927E-03   0.6835   1.6000     1.406E-04   0.6854   1.6000
     4    2.679E-03   0.6822   1.6000     9.774E-05   0.6952   1.6000
     5    1.833E-03   0.6841   1.6000     6.903E-05   0.7062   1.6000
     6    1.251E-03   0.6825   1.6000     4.970E-05   0.7200   1.6000
     7    8.575E-04   0.6857   1.6000     3.675E-05   0.7393   1.6000
     8    5.861E-04   0.6835   1.6000     2.813E-05   0.7654   1.6000
     9    4.044E-04   0.6900   1.6000     2.245E-05   0.7982   1.6000
    10    2.781E-04   0.6876   1.6000     1.874E-05   0.8348   1.6000
    11    1.948E-04   0.7006   1.6000     1.632E-05   0.8706   1.6000
    12    1.376E-04   0.7066   1.6000     1.470E-05   0.9009   1.6000
    13    1.011E-04   0.7342   1.6000     1.358E-05   0.9241   1.6000
    14    7.652E-05   0.7571   1.6000     1.277E-05   0.9404   1.6000
    15    6.186E-05   0.8085   1.6000     1.216E-05   0.9516   1.6000
    16    5.228E-05   0.8451   1.6000     1.166E-05   0.9593   1.6000
    17    4.681E-05   0.8954   1.6000     1.125E-05   0.9646   1.6000
    18    4.303E-05   0.9191   1.6000     1.089E-05   0.9685   1.6000
    19    4.066E-05   0.9450   1.6000     1.058E-05   0.9714   1.6000
    20    3.876E-05   0.9532   1.6000     1.030E-05   0.9737   1.6000
    21    3.734E-05   0.9635   1.6000     1.005E-05   0.9755   1.6000
    22    3.607E-05   0.9660   1.6000     9.821E-06   0.9770   1.6000
    23    3.500E-05   0.9703   1.6000     9.608E-06   0.9783   1.6000
    24    3.400E-05   0.9714   1.6000     9.410E-06   0.9794   1.6000
    25    3.310E-05   0.9736   1.6000     9.225E-06   0.9803   1.6000
    26    8.490E-05   2.5648   1.8518     2.706E-05   2.9334   1.8707
    27    8.158E-05   0.9609   1.8518     2.622E-05   0.9689   1.8707
    28    7.838E-05   0.9608   1.8518     2.541E-05   0.9694   1.8707
    29    7.537E-05   0.9617   1.8518     2.465E-05   0.9698   1.8707
    30    7.251E-05   0.9621   1.8518     2.391E-05   0.9702   1.8707
    31    6.983E-05   0.9631   1.8518     2.321E-05   0.9706   1.8707
    32    6.730E-05   0.9637   1.8518     2.254E-05   0.9710   1.8707
    33    6.492E-05   0.9647   1.8518     2.189E-05   0.9714   1.8707
    34    6.267E-05   0.9653   1.8518     2.127E-05   0.9718   1.8707
    35    6.055E-05   0.9663   1.8518     2.068E-05   0.9721   1.8707
    36    5.855E-05   0.9669   1.8518     2.011E-05   0.9724   1.8707
    37    5.666E-05   0.9677   1.8518     1.956E-05   0.9728   1.8707
    38    5.486E-05   0.9683   1.8518     1.904E-05   0.9731   1.8707
    39    5.315E-05   0.9689   1.8518     1.853E-05   0.9734   1.8707
    40    5.153E-05   0.9694   1.8518     1.804E-05   0.9737   1.8707
    41    4.998E-05   0.9700   1.8518     1.757E-05   0.9740   1.8707
    42    4.850E-05   0.9704   1.8518     1.712E-05   0.9743   1.8707
    43    4.709E-05   0.9709   1.8518     1.669E-05   0.9746   1.8707
    44    4.574E-05   0.9713   1.8518     1.627E-05   0.9749   1.8707
    45    4.444E-05   0.9717   1.8518     1.586E-05   0.9751   1.8707
    46    4.320E-05   0.9721   1.8518     1.547E-05   0.9754   1.8707
    47    4.201E-05   0.9725   1.8518     1.509E-05   0.9756   1.8707
    48    4.087E-05   0.9729   1.8518     1.473E-05   0.9759   1.8707
    49    3.978E-05   0.9732   1.8518     1.438E-05   0.9761   1.8707
    50    3.873E-05   0.9736   1.8518     1.404E-05   0.9763   1.8707
    51    5.912E-05   1.5265   1.9162     2.081E-05   1.4827   1.9261
    52    5.732E-05   0.9696   1.9162     2.025E-05   0.9727   1.9261
    53    5.558E-05   0.9697   1.9162     1.969E-05   0.9728   1.9261
    54    5.391E-05   0.9698   1.9162     1.916E-05   0.9729   1.9261
    55    5.229E-05   0.9700   1.9162     1.864E-05   0.9730   1.9261
    56    5.073E-05   0.9702   1.9162     1.814E-05   0.9731   1.9261
    57    4.922E-05   0.9704   1.9162     1.765E-05   0.9732   1.9261
    58    4.777E-05   0.9705   1.9162     1.718E-05   0.9733   1.9261
    59    4.638E-05   0.9708   1.9162     1.673E-05   0.9735   1.9261
    60    4.503E-05   0.9710   1.9162     1.628E-05   0.9736   1.9261
    61    4.373E-05   0.9712   1.9162     1.586E-05   0.9737   1.9261
    62    4.248E-05   0.9714   1.9162     1.544E-05   0.9738   1.9261
    63    4.128E-05   0.9716   1.9162     1.504E-05   0.9739   1.9261
    64    4.012E-05   0.9718   1.9162     1.465E-05   0.9741   1.9261
    65    3.900E-05   0.9721   1.9162     1.427E-05   0.9742   1.9261
    66    3.791E-05   0.9723   1.9162     1.390E-05   0.9743   1.9261
    67    3.687E-05   0.9725   1.9162     1.355E-05   0.9744   1.9261
    68    3.587E-05   0.9727   1.9162     1.320E-05   0.9745   1.9261
    69    3.489E-05   0.9729   1.9162     1.287E-05   0.9746   1.9261
    70    3.396E-05   0.9731   1.9162     1.254E-05   0.9747   1.9261
    71    3.305E-05   0.9734   1.9162     1.223E-05   0.9748   1.9261
    72    3.218E-05   0.9736   1.9162     1.192E-05   0.9750   1.9261
    73    3.134E-05   0.9738   1.9162     1.162E-05   0.9751   1.9261
    74    3.052E-05   0.9740   1.9162     1.134E-05   0.9752   1.9261
    75    2.973E-05   0.9742   1.9162     1.105E-05   0.9753   1.9261
    76    3.670E-05   1.2344   1.9405     1.307E-05   1.1821   1.9459
    77    3.570E-05   0.9728   1.9405     1.273E-05   0.9742   1.9459
    78    3.474E-05   0.9729   1.9405     1.240E-05   0.9743   1.9459
    79    3.380E-05   0.9731   1.9405     1.209E-05   0.9744   1.9459
    80    3.290E-05   0.9733   1.9405     1.178E-05   0.9746   1.9459
    81    3.202E-05   0.9734   1.9405     1.148E-05   0.9747   1.9459
    82    3.118E-05   0.9736   1.9405     1.119E-05   0.9748   1.9459
    83    3.036E-05   0.9738   1.9405     1.091E-05   0.9749   1.9459
    84    2.957E-05   0.9739   1.9405     1.064E-05   0.9750   1.9459
    85    2.880E-05   0.9741   1.9405     1.037E-05   0.9751   1.9459
    86    2.806E-05   0.9742   1.9405     1.011E-05   0.9752   1.9459
    87    2.734E-05   0.9744   1.9405     9.865E-06   0.9753   1.9459
    88    2.665E-05   0.9746   1.9405     9.622E-06   0.9754   1.9459
    89    2.597E-05   0.9747   1.9405     9.386E-06   0.9755   1.9459
    90    2.532E-05   0.9749   1.9405     9.156E-06   0.9756   1.9459
    91    2.469E-05   0.9750   1.9405     8.933E-06   0.9756   1.9459
    92    2.407E-05   0.9752   1.9405     8.716E-06   0.9757   1.9459
    93    2.348E-05   0.9753   1.9405     8.505E-06   0.9758   1.9459
    94    2.290E-05   0.9754   1.9405     8.300E-06   0.9759   1.9459
    95    2.234E-05   0.9756   1.9405     8.100E-06   0.9759   1.9459
    96    2.180E-05   0.9757   1.9405     7.906E-06   0.9760   1.9459
    97    2.127E-05   0.9759   1.9405     7.717E-06   0.9761   1.9459
    98    2.076E-05   0.9760   1.9405     7.533E-06   0.9762   1.9459
    99    2.027E-05   0.9761   1.9405     7.354E-06   0.9762   1.9459
   100    1.979E-05   0.9763   1.9405     7.180E-06   0.9763   1.9459
   101    2.266E-05   1.1452   1.9535     7.875E-06   1.0968   1.9563
   102    2.211E-05   0.9757   1.9535     7.686E-06   0.9760   1.9563
   103    2.157E-05   0.9758   1.9535     7.502E-06   0.9761   1.9563
   104    2.105E-05   0.9760   1.9535     7.324E-06   0.9762   1.9563
   105    2.055E-05   0.9761   1.9535     7.150E-06   0.9763   1.9563
   106    2.006E-05   0.9762   1.9535     6.981E-06   0.9764   1.9563
   107    1.959E-05   0.9764   1.9535     6.817E-06   0.9765   1.9563
   108    1.913E-05   0.9765   1.9535     6.658E-06   0.9766   1.9563
   109    1.868E-05   0.9767   1.9535     6.502E-06   0.9767   1.9563
   110    1.825E-05   0.9768   1.9535     6.351E-06   0.9767   1.9563
   111    1.783E-05   0.9770   1.9535     6.204E-06   0.9768   1.9563
   112    1.742E-05   0.9771   1.9535     6.060E-06   0.9769   1.9563
   113    1.702E-05   0.9772   1.9535     5.921E-06   0.9770   1.9563
   114    1.664E-05   0.9774   1.9535     5.785E-06   0.9770   1.9563
   115    1.626E-05   0.9775   1.9535     5.652E-06   0.9771   1.9563
   116    1.590E-05   0.9776   1.9535     5.523E-06   0.9772   1.9563
   117    1.555E-05   0.9778   1.9535     5.398E-06   0.9772   1.9563
   118    1.520E-05   0.9779   1.9535     5.275E-06   0.9773   1.9563
   119    1.487E-05   0.9780   1.9535     5.156E-06   0.9774   1.9563
   120    1.454E-05   0.9782   1.9535     5.040E-06   0.9774   1.9563
   121    1.423E-05   0.9783   1.9535     4.926E-06   0.9775   1.9563
   122    1.392E-05   0.9784   1.9535     4.816E-06   0.9776   1.9563
   123    1.362E-05   0.9786   1.9535     4.708E-06   0.9776   1.9563
   124    1.333E-05   0.9787   1.9535     4.603E-06   0.9777   1.9563
   125    1.305E-05   0.9788   1.9535     4.501E-06   0.9778   1.9563
   126    1.450E-05   1.1109   1.9620     4.775E-06   1.0609   1.9629
   127    1.419E-05   0.9785   1.9620     4.669E-06   0.9778   1.9629
   128    1.388E-05   0.9787   1.9620     4.566E-06   0.9779   1.9629
   129    1.359E-05   0.9788   1.9620     4.465E-06   0.9780   1.9629
   130    1.330E-05   0.9789   1.9620     4.367E-06   0.9781   1.9629
   131    1.302E-05   0.9791   1.9620     4.272E-06   0.9782   1.9629
   132    1.275E-05   0.9792   1.9620     4.179E-06   0.9783   1.9629
   133    1.249E-05   0.9793   1.9620     4.089E-06   0.9784   1.9629
   134    1.223E-05   0.9795   1.9620     4.001E-06   0.9785   1.9629
   135    1.198E-05   0.9796   1.9620     3.915E-06   0.9785   1.9629
   136    1.174E-05   0.9797   1.9620     3.831E-06   0.9786   1.9629
   137    1.150E-05   0.9798   1.9620     3.750E-06   0.9787   1.9629
   138    1.127E-05   0.9799   1.9620     3.670E-06   0.9788   1.9629
   139    1.105E-05   0.9800   1.9620     3.593E-06   0.9789   1.9629
   140    1.083E-05   0.9802   1.9620     3.517E-06   0.9790   1.9629
   141    1.062E-05   0.9803   1.9620     3.443E-06   0.9790   1.9629
   142    1.041E-05   0.9804   1.9620     3.371E-06   0.9791   1.9629
   143    1.020E-05   0.9805   1.9620     3.301E-06   0.9792   1.9629
   144    1.001E-05   0.9806   1.9620     3.233E-06   0.9793   1.9629
   145    9.811E-06   0.9807   1.9620     3.166E-06   0.9793   1.9629
Iteration converged.
Generation completed.

Problem description:
    586.1850545064739 PM
Problem file: C:\USERS\VITOR25023\DOCUMENTS\FAZENDO ISSO DIREITO AGORA COM A FERRITE\FRQSCANS\NOVA PASTA\6.AM  2-27-2026  16:04:38
Problem file length:        1162 bytes
Originating program: Autofish    Problem type: Unknown RF Cavity

Problem constants and variables.
Letter A in the code column indicates a value supplied in the
Automesh input file.

Variable Code         Value     Description
ALPHAT          3.930000000E-03 Temperature coefficient of resistance
ASCALE           3767.30313     Scaling factor for H at drive point
BETA       A     1.00000000     Particle velocity
BETA1           0.100000000     Starting BETA in transit-time table
BETA2           0.950000000     Ending BETA in transit-time table
CCLDELK          1.00000000     Increment for coupling for table in SFO
CCLMAXK          6.00000000     Highest coupling for table in SFO
CCLMINK          1.00000000     Lowest coupling for table in SFO
CLENGTH    A     13.8000000     Cavity length for normalization in SFO
CLIGHT          2.997924580E+10 Exact speed of light in cm/sec
CONV             1.00000000     Length conversion (number of units per cm)
DBETA           5.000000000E-02 BETA increment in transit-time table
DELFR                   0.0     Frequency step size for a resonance search
DIAGDLL                   0     If 1, DLL writes diagnostics to DiagDLL.txt
DPHI             180.000000     Phase length of the problem geometry
DSLOPE           1.00000000     Slope of D(k^2) function
DSTOLER         2.000000000E-02 Tolerance required on D(k^2)
DX1             0.100000000     First X mesh interval (at XMIN)
DXMIN           0.100000000     Minimum X mesh interval (found by Automesh)
DYMIN           0.100000000     Minimum Y mesh interval (found by Automesh)
ENORM            1000000.00     Field normalization for NORM=4 option
EPS0            8.854187818E-12 Permittivity of free space
EPSIK           1.000000000E-04 Frequency convergence parameter
EPSO            1.000000000E-05 Convergence parameter in mesh optimization
EZERO      A     3260869.57     E0 for normalization in SFO when NORM=0
EZEROT     A     3260869.57     E0*T for normalization in SFO when NORM=1
FMU0            1.256637061E-06 Permeability of free space
FREQ       A     2497.00000     RF cavity resonant frequency
FREQD                   0.0     Design frequency for a cavity (MHz)
HPHI             5000.00000     Normalization magnetic field for NORM=2
IBETA                     0     If >0, SFO writes transit-time vs BETA
ICCC                      1     1 for real arrays, 2 for complex arrays
ICCP                      1     If 1, compute material power loss
ICORNER1                  0     First corner segment for computing average H
ICORNER2                  0     Last corner segment for computing average H
ICYLIN                    1     0 for X,Y problems, 1 for Z,R problems
IMAX                    241     KMAX+2
INFODATA                  0     Number of tuning-code parameters
IOBSEG                   -1     First segment of the CCL outer boundary
IPIVOT                    1     Pivoting in matrix inversion routines
IRESID                    0     If 1, calculate potential residuals
IRMAX                    25     Used in optimization of RHOXY
IRTYPE                    0     Surface resistance option indicator
ISLOT                     0     If 1, SFO computes coupling-slot power loss
ITFILE                    0     If 1, SFO writes transit-time plot file
ITOT                 126043     (KMAX+2)*(LMAX+2)
KDRI                    139     K coordinate of the drive point
KMAX                    239     Number of horizontal logical mesh points
KMETHOD    A              1     Wavenumber computation method (1= use beta)
KPROB      A              1     Problem type indicator (Superfish)
LAST35                    0     Code for last program to update T35 file
LCYCLE                  145     Iteration number in mesh optimization
LDRI                    411     L coordinate of the drive point
LINT                      1     Logical-mesh coordinate for Ez integration
LMAX                    521     Number of vertical logical mesh points
MAXCY                    -1     Maximum number of cycles (-1: use default)
MAXPPR                 1604     Maximum points per region
NAIR                  72118     Number of air points
NBND                    759     Number of Dirichlet boundary points
NBSLF      A              0     Left-side boundary condition
NBSLO      A              0     Lower boundary condition
NBSRT      A              1     Right-side boundary condition
NBSUP      A              1     Upper boundary condition
NDRI                  99191     Drive point index = IRLAX(NPINP)
NEGAT                     0     Zero-area triangle indicator
NFE                     210     Number of iron points
NHSTEM                    1     Number of half stems
NINTER                   21     Number of interface points
NMATR                     1     Number of material records in T35 file
NORM       A              1     Normalization method in SFO
NPBOUND                1664     Total number of boundary points in the mesh
NPINP                 73109     Total points in problem
NPONTS                71468     Number of unknown relaxation points
NREG                      3     Number of regions
NRMSEG                    1     Normalization segment number for NORM=2
NSEG                     22     Number of boundary segments
NSPL                      1     Number of special-potential points
NSTEP                     0     Number of steps for a resonance search
OMEGAM          1.000000000E-03 Used in optimization of RHOXY
PI               3.14159265     The number pi to machine precision
PLCELL           360.000000     Phase length per cell for multicell problems
RESIDR          1.000000000E-08 Residual resistance of a superconductor
RFMU             1.00000000     Permeability for rf surface resistance
RHO             1.724100000E-06 Material resistivity (Ohm-m)
RHOR            1.724100000E-06 Reference resistivity (Ohm-cm) at TEMPR
RHOXY            1.60000000     Over-relaxation factor in mesh optimization
RMASS      A    0.511000000     Rest mass energy of particle in SFO
RS                      0.0     RF surface resistance (Ohms)
RSTEM            1.00000000     Stem radius in cm
SLOSS           3.000000000E-02 Coupling-slot power factor per % coupling
TC               9.20000000     Critical temperature of a superconductor
TEMPC            20.0000000     Normal conductor operating temperature
TEMPK            2.00000000     Operating temperature of a superconductor
TEMPR            20.0000000     Reference temperature for IRTYPE=3
TRIAVG          5.003925843E-03 Average area of all triangles
TRIMAX          6.991519928E-03 Area of the largest positive-area triangle
TRIMIN          2.669605216E-03 Area of the smallest positive-area triangle
VOLUME           110616.725     Cavity volume (cylindrical symmetry only)
XDRI             13.8000000     X coordinate of the drive point
XMAXG            23.8000000     Upper X bound of the problem geometry
XMING                   0.0     Lower X bound of the problem geometry
XNORM1                  0.0     Starting X for NORM=4 integration path
XNORM2                  0.0     Ending X for NORM=4 integration path
XYAREA           723.537653     Total cross sectional area
YDRI             41.0200000     Y coordinate of the drive point
YMAXG            52.0200000     Upper Y bound of the problem geometry
YMING                   0.0     Lower Y bound of the problem geometry
YNORM1                  0.0     Starting Y for NORM=4 integration path
YNORM2                  0.0     Ending Y for NORM=4 integration path
ZCTR       A            0.0     Reference Z in transit-time integrals
